CPF/CNPJ;;CNPJ OPTANTE
97.546.128/0001-97;;
97.546.023/0001-38;;
97.531.125/0001-80;;
97.478.010/0001-79;;
97.477.780/0001-05;;
97.446.843/0001-58;;
97.442.354/0001-28;;
97.427.652/0001-49;;
95.874.103/0001-97;;
95.871.349/0001-05;;
95.870.069/0001-82;;
95.862.645/0001-40;;
95.847.257/0001-90;;
95.841.730/0001-21;;
95.841.300/0001-00;;
95.834.040/0001-45;;
95.826.210/0001-40;;
95.815.437/0001-90;;
95.809.794/0001-45;;
95.805.149/0001-54;;
95.802.351/0001-22;;
95.795.779/0001-95;;
95.790.390/0001-57;;
95.758.207/0001-36;;
93.998.524/0001-02;;
92.689.173/0047-60;;
92.070.564/0001-19;;
90.970.906/0001-21;;
90.461.179/0001-77;;
89.600.464/0001-42;;
86.910.445/0001-24;;
86.858.164/0001-70;;
86.429.198/0007-34;;
86.365.350/0001-77;;
86.185.063/0001-85;;
86.184.033/0001-54;;
85.406.171/0001-78;;
85.405.538/0001-39;;
85.403.558/0001-70;;
85.400.570/0001-21;;
85.398.642/0001-43;;
85.397.164/0001-57;;
85.392.678/0001-10;;
85.391.324/0001-50;;
85.387.850/0001-47;;
85.383.719/0001-01;;
85.381.903/0001-12;;
85.378.073/0001-74;;
85.373.231/0001-01;;
85.370.161/0001-20;;
85.364.602/0001-80;;
85.350.866/0001-85;;
85.349.595/0001-48;;
85.348.969/0001-00;;
85.348.746/0001-43;;
85.345.668/0001-23;;
85.345.155/0001-12;;
85.340.164/0001-10;;
85.328.474/0001-10;;
85.325.041/0001-00;;
85.300.267/0001-57;;
85.296.234/0001-80;;
85.288.728/0003-85;;
85.288.728/0002-02;;
85.287.480/0001-76;;
85.280.642/0001-44;;
85.280.238/0001-70;;
85.275.493/0001-25;;
85.273.985/0001-81;;
85.256.022/0001-70;;
85.250.728/0001-24;;
85.241.065/0001-81;;
85.232.767/0001-07;;
85.226.611/0001-05;;
85.214.492/0001-70;;
85.211.399/0001-02;;
85.207.512/0001-86;;
85.199.420/0001-00;;
85.198.752/0001-61;;
85.188.381/0001-37;;
85.184.687/0001-15;;
85.184.224/0001-53;;
85.177.525/0001-50;;
85.171.411/0001-00;;
85.169.712/0001-91;;
85.167.096/0001-30;;
85.165.553/0001-57;;
85.159.705/0001-09;;
85.121.101/0001-73;;
85.119.188/0001-44;;
85.114.254/0001-93;;
85.109.031/0001-38;;
84.933.795/0013-14;;
84.933.795/0010-71;;
84.933.795/0007-76;;
84.904.291/0001-32;;
84.683.648/0001-08;;
83.951.475/0001-90;;
83.937.078/0001-64;;
83.935.452/0001-92;;
83.933.259/0001-12;;
83.930.131/0001-03;;
83.900.969/0001-46;;
83.900.902/0001-01;;
83.897.710/0001-93;;
83.896.274/0001-38;;
83.895.417/0001-97;;
83.888.404/0001-90;;
83.888.354/0001-41;;
83.887.893/0001-66;;
83.885.038/0001-16;;
83.882.647/0001-11;;
83.882.456/0001-50;;
83.878.892/0001-55;;
83.876.771/0001-74;;
83.876.672/0001-92;;
83.876.219/0001-86;;
83.876.037/0001-05;;
83.874.818/0001-60;;
83.874.768/0001-11;;
83.874.628/0001-43;;
83.874.586/0001-40;;
83.874.503/0001-13;;
83.874.354/0001-92;;
83.874.123/0001-89;;
83.873.927/0001-63;;
83.873.059/0001-11;;
83.872.978/0001-70;;
83.872.556/0001-03;;
83.872.549/0003-65;;
83.813.543/0001-55;;
83.808.246/0001-11;;
83.806.224/0001-12;;
83.805.986/0001-02;;
83.802.835/0001-92;;
83.801.738/0001-85;;
83.800.912/0001-75;;
83.721.993/0001-18;;
83.720.060/0001-06;;
83.714.600/0001-49;;
83.714.238/0001-06;;
83.714.147/0001-70;;
83.713.735/0001-90;;
83.712.398/0001-16;;
83.709.956/0001-94;;
83.708.727/0002-36;;
83.708.727/0001-55;;
83.708.461/0001-40;;
83.707.836/0001-58;;
83.602.052/0001-65;;
83.601.690/0001-61;;
83.558.205/0001-14;;
83.542.431/0001-07;;
83.512.657/0001-65;;
83.480.145/0001-64;;
83.476.754/0001-40;;
83.472.977/0001-39;;
83.470.286/0001-04;;
83.469.965/0001-55;;
83.469.908/0001-76;;
83.466.045/0001-83;;
83.463.836/0001-50;;
83.461.004/0001-02;;
83.432.401/0001-48;;
83.290.189/0001-21;;
83.284.224/0001-08;;
83.265.884/0001-33;;
83.262.253/0001-60;;
83.257.444/0001-34;;
83.256.248/0012-06;;
83.256.248/0001-45;;
83.203.620/0001-55;;
83.159.798/0001-46;;
83.154.237/0001-54;;
83.151.985/0013-17;;
83.151.985/0004-26;;
83.071.738/0001-77;;
83.068.726/0001-93;;
83.063.842/0001-10;;
83.062.463/0001-05;;
83.053.504/0001-05;;
83.053.033/0001-27;;
83.050.302/0001-00;;
83.049.478/0001-33;;
82.999.160/0001-50;;
82.995.515/0001-33;;
82.990.011/0001-20;;
82.976.002/0001-85;;
82.967.522/0001-21;;
82.951.310/0001-56;;
82.902.230/0001-00;;
82.899.261/0001-50;;
82.899.055/0001-40;;
82.894.114/0001-97;;
82.892.282/0001-43;;
82.889.304/0001-16;;
82.888.082/0001-17;;
82.885.831/0001-52;;
82.881.103/0001-72;;
82.877.226/0001-30;;
82.877.051/0001-60;;
82.875.055/0001-00;;
82.872.706/0001-08;;
82.872.011/0001-26;;
82.859.125/0001-36;;
82.856.097/0001-01;;
82.845.538/0001-61;;
82.836.545/0001-05;;
82.822.818/0001-54;;
82.817.800/0001-64;;
82.811.761/0001-98;;
82.752.064/0001-03;;
82.745.217/0001-95;;
82.703.414/0001-41;;
82.702.861/0001-86;;
82.660.317/0003-80;;
82.586.876/0001-26;;
82.536.061/0001-32;;
82.535.675/0001-08;;
82.532.367/0001-10;;
82.532.235/0001-99;;
82.532.193/0001-96;;
82.530.239/0001-38;;
82.518.838/0001-36;;
82.517.558/0001-03;;
82.516.196/0001-36;;
82.515.412/0001-29;;
82.514.878/0001-00;;
82.513.094/0001-67;;
82.511.825/0001-35;;
82.509.423/0001-04;;
82.508.540/0001-45;;
82.171.943/0001-41;;
82.160.219/0001-12;;
82.145.863/0001-11;;
82.143.769/0001-23;;
82.134.339/0001-45;;
82.123.266/0001-96;;
82.103.292/0001-52;;
82.100.496/0001-30;;
82.036.237/0001-97;;
81.861.080/0001-71;;
81.826.463/0001-09;;
81.802.704/0001-80;;
81.799.264/0001-59;;
81.793.358/0001-10;;
81.777.674/0001-07;;
81.617.284/0001-61;;
81.594.731/0001-04;;
81.574.113/0001-00;;
81.561.458/0001-11;;
81.543.233/0001-32;;
81.518.367/0001-01;;
81.365.819/0001-54;;
81.361.487/0001-30;;
81.334.799/0001-54;;
81.334.401/0001-80;;
81.328.692/0001-01;;
81.304.446/0001-01;;
81.013.211/0001-60;;
80.998.065/0001-07;;
80.993.751/0001-95;;
80.967.458/0001-53;;
80.960.198/0001-94;;
80.949.993/0001-81;;
80.934.169/0001-58;;
80.931.959/0001-80;;
80.756.125/0001-85;;
80.754.633/0001-24;;
80.748.759/0001-96;;
80.740.210/0001-55;;
80.726.318/0001-93;;
80.718.679/0001-98;;
80.714.306/0001-49;;
80.694.052/0001-44;;
80.681.091/0001-07;;
80.673.585/0001-40;;
80.672.306/0001-23;;
80.670.565/0001-15;;
80.670.136/0001-48;;
80.666.670/0001-80;;
80.660.632/0001-10;;
80.659.774/0001-68;;
80.502.917/0001-23;;
80.485.212/0001-45;;
80.474.760/0001-70;;
80.471.618/0001-79;;
80.440.761/0001-01;;
80.436.611/0001-16;;
80.412.687/0001-01;;
80.411.333/0001-42;;
80.150.337/0001-14;;
80.139.488/0001-71;;
80.104.607/0001-50;;
80.096.290/0001-58;;
80.087.554/0001-07;;
80.085.574/0001-49;;
79.941.928/0001-20;;
79.939.666/0001-60;;
79.938.080/0001-80;;
79.864.187/0001-21;;
79.856.258/0001-44;;
79.834.305/0001-59;;
79.829.701/0001-98;;
79.828.174/0001-05;;
79.684.569/0001-73;;
79.676.367/0001-80;;
79.664.777/0001-00;;
79.646.535/0001-94;;
79.645.271/0001-54;;
79.498.275/0001-57;;
79.491.007/0001-03;;
79.489.753/0001-62;;
79.485.108/0001-71;;
79.400.123/0001-70;;
79.382.602/0001-00;;
79.382.461/0001-26;;
79.311.031/0002-02;;
79.310.140/0001-16;;
79.288.965/0001-81;;
79.277.182/0001-00;;
79.258.398/0001-10;;
79.230.595/0001-21;;
79.222.931/0001-94;;
78.991.213/0001-10;;
78.895.364/0001-74;;
78.878.121/0001-28;;
78.872.736/0001-47;;
78.867.371/0001-62;;
78.863.610/0001-06;;
78.855.624/0001-88;;
78.838.455/0004-10;;
78.838.455/0003-30;;
78.834.819/0001-41;;
78.814.746/0001-26;;
78.812.898/0001-90;;
78.647.492/0001-07;;
78.624.681/0001-56;;
78.621.539/0001-55;;
78.540.150/0001-85;;
78.536.612/0001-90;;
78.533.304/0001-01;;
78.524.733/0001-12;;
78.523.503/0001-39;;
78.514.171/0001-26;;
78.356.938/0001-36;;
78.274.289/0001-24;;
78.259.322/0002-28;;
78.218.047/0001-13;;
78.216.264/0001-74;;
77.912.202/0001-34;;
77.910.230/0001-12;;
77.906.998/0001-12;;
77.905.735/0001-99;;
77.900.686/0001-00;;
77.895.951/0001-09;;
77.887.511/0001-00;;
77.884.211/0001-69;;
77.856.961/0001-27;;
76.875.111/0001-03;;
76.865.666/0001-74;;
76.861.582/0001-62;;
76.854.330/0001-06;;
76.844.497/0001-96;;
76.838.929/0001-56;;
76.838.630/0001-00;;
76.823.301/0001-87;;
76.612.589/0001-40;;
76.601.343/0001-73;;
76.599.828/0001-70;;
76.581.958/0001-85;;
76.557.263/0001-68;;
76.557.149/0001-38;;
76.530.427/0002-44;;
76.496.256/0003-65;;
76.383.041/0001-76;;
76.369.917/0001-20;;
76.365.170/0001-31;;
76.357.441/0001-07;;
76.357.250/0001-45;;
76.330.927/0001-51;;
76.322.635/0001-77;;
76.312.388/0001-28;;
76.193.838/0001-00;;
75.890.939/0001-78;;
75.831.495/0001-08;;
75.820.027/0001-20;;
75.804.013/0001-12;;
75.551.994/0001-33;;
75.549.667/0001-47;;
75.487.710/0001-97;;
75.461.863/0001-65;;
75.457.267/0001-01;;
75.450.585/0001-40;;
75.413.526/0001-00;;
75.404.210/0001-44;;
75.402.024/0001-76;;
75.400.465/0001-39;;
75.372.631/0001-30;;
75.367.227/0001-79;;
75.365.726/0001-27;;
75.359.752/0001-42;;
75.346.015/0001-05;;
75.301.531/0001-13;;
75.285.577/0004-39;;
75.279.364/0001-51;;
74.725.862/0001-18;;
74.156.134/0001-32;;
74.103.839/0001-91;;
74.088.618/0001-91;;
73.932.279/0001-15;;
73.931.651/0005-00;;
73.898.082/0001-07;;
73.820.045/0001-86;;
73.742.231/0001-44;;
73.676.215/0001-09;;
73.616.872/0001-52;;
73.556.672/0001-51;;
73.549.990/0001-95;;
73.485.112/0001-53;;
73.351.538/0001-14;;
73.331.498/0001-49;;
73.265.589/0001-23;;
73.263.568/0001-79;;
73.254.120/0001-99;;
73.215.915/0001-98;;
72.554.504/0001-64;;
72.538.200/0001-03;;
72.482.714/0001-94;;
72.432.545/0001-88;;
72.359.862/0001-16;;
72.135.817/0001-88;;
71.532.188/0001-67;;
69.281.566/0001-35;;
64.052.897/0010-70;;
63.047.302/0001-35;;
61.405.858/0015-26;;
61.104.717/0027-07;;
60.829.447/0001-08;;
50.747.732/0028-38;;
50.747.732/0027-57;;
48.267.546/0004-82;;
43.337.736/0001-62;;
42.899.837/0001-64;;
42.466.946/0002-79;;
42.128.765/0001-51;;
42.115.068/0001-66;;
41.475.860/0001-69;;
40.961.233/0001-75;;
40.714.261/0001-98;;
40.592.185/0001-95;;
40.022.231/0001-10;;
39.778.224/0001-64;;
39.768.273/0001-16;;
39.671.040/0001-09;;
39.147.078/0001-79;;
38.561.599/0001-05;;
38.454.672/0001-40;;
38.443.261/0001-59;;
38.347.447/0001-04;;
38.095.979/0001-00;;
38.060.722/0001-04;;
37.918.011/0001-65;;
37.832.741/0001-49;;
37.201.859/0001-79;;
37.109.958/0001-25;;
37.029.078/0001-49;;
37.009.720/0001-28;;
36.893.973/0001-44;;
36.841.394/0001-58;;
36.717.712/0001-73;;
36.531.468/0001-50;;
36.530.016/0001-53;;
36.108.141/0001-70;;
35.904.703/0001-29;;
35.194.144/0001-00;;
35.068.686/0001-37;;
35.001.371/0001-72;;
34.931.900/0001-74;;
34.866.536/0001-06;;
34.866.017/0001-48;;
34.762.303/0001-63;;
34.720.267/0001-75;;
34.562.677/0001-35;;
34.398.075/0001-94;;
34.395.227/0001-03;;
34.366.742/0001-57;;
34.169.168/0001-47;;
34.104.390/0001-61;;
34.043.374/0001-06;;
34.028.530/0018-08;;
34.017.549/0001-00;;
33.953.749/0001-02;;
33.888.439/0001-51;;
33.639.865/0014-76;;
33.639.865/0011-23;;
33.627.092/0026-41;;
33.618.323/0025-70;;
33.595.980/0001-71;;
33.546.721/0001-50;;
33.492.349/0001-47;;
33.449.250/0001-62;;
33.437.435/0033-34;;
33.261.924/0001-09;;
33.181.783/0001-06;;
33.170.258/0001-95;;
33.111.150/0001-21;;
33.079.420/0001-64;;
33.057.468/0001-71;;
33.055.204/0001-89;;
32.980.959/0001-27;;
32.946.411/0001-60;;
32.943.674/0001-16;;
32.906.160/0001-90;;
32.838.031/0001-02;;
32.831.809/0001-51;;
32.692.507/0001-40;;
32.543.740/0001-60;;
32.541.621/0001-79;;
32.450.247/0001-04;;
32.431.471/0001-40;;
32.425.015/0001-98;;
32.256.239/0001-13;;
32.206.154/0001-20;;
32.114.678/0001-91;;
31.882.635/0001-93;;
31.842.093/0001-25;;
31.653.877/0001-05;;
31.612.715/0001-29;;
31.575.169/0001-01;;
31.574.730/0001-20;;
31.540.631/0001-27;;
31.463.579/0001-52;;
31.410.752/0001-54;;
31.393.871/0001-46;;
31.280.347/0001-69;;
31.162.430/0001-33;;
30.974.955/0001-00;;
30.914.300/0001-47;;
30.887.766/0001-09;;
30.872.643/0001-96;;
30.865.622/0001-43;;
30.844.101/0001-00;;
30.810.916/0001-78;;
30.760.917/0001-55;;
30.683.857/0001-14;;
30.676.360/0001-79;;
30.657.573/0001-53;;
30.612.561/0001-02;;
30.593.589/0001-40;;
30.550.997/0001-14;;
30.547.098/0001-62;;
30.527.905/0001-85;;
30.527.897/0001-77;;
30.500.834/0001-27;;
30.496.081/0001-23;;
30.463.387/0001-83;;
30.455.064/0001-48;;
30.359.437/0001-87;;
30.359.184/0001-41;;
30.332.343/0001-14;;
30.323.005/0001-16;;
30.288.275/0001-33;;
30.221.536/0001-06;;
30.209.132/0001-99;;
29.911.764/0001-10;;
29.909.539/0001-40;;
29.872.817/0001-31;;
29.845.207/0001-49;;
29.710.842/0001-19;;
29.654.434/0001-97;;
29.641.034/0001-47;;
29.276.977/0001-18;;
29.237.063/0001-48;;
29.174.102/0001-05;;
29.132.391/0001-80;;
29.130.771/0001-85;;
29.123.871/0001-84;;
29.123.196/0001-93;;
29.102.125/0001-04;;
29.063.130/0001-55;;
29.030.372/0001-42;;
28.985.325/0001-90;;
28.975.031/0001-87;;
28.954.900/0001-97;;
28.837.293/0001-85;;
28.792.616/0001-61;;
28.771.971/0001-54;;
28.750.565/0001-05;;
28.709.373/0001-55;;
28.667.167/0001-20;;
28.612.397/0001-91;;
28.534.697/0001-08;;
28.484.832/0001-40;;
28.456.930/0001-73;;
28.455.868/0001-03;;
28.347.903/0001-62;;
28.315.375/0001-60;;
28.232.451/0001-73;;
28.125.629/0001-87;;
28.072.263/0001-25;;
28.020.545/0001-89;;
27.998.860/0001-12;;
27.687.103/0001-28;;
27.674.246/0001-03;;
27.669.418/0001-42;;
27.666.061/0001-49;;
27.654.697/0001-70;;
27.606.263/0001-03;;
27.606.141/0001-09;;
27.559.157/0001-08;;
27.529.200/0001-92;;
27.444.681/0001-33;;
27.437.179/0001-03;;
27.355.278/0001-38;;
27.274.915/0001-41;;
27.271.018/0001-84;;
27.256.820/0001-03;;
27.256.745/0001-72;;
27.242.827/0001-68;;
27.203.419/0001-05;;
27.117.172/0001-04;;
27.097.548/0001-58;;
27.084.944/0001-40;;
27.064.118/0001-30;;
27.062.883/0001-10;;
27.053.562/0001-50;;
27.041.809/0001-18;;
27.004.941/0001-50;;
26.876.547/0001-49;;
26.748.965/0001-50;;
26.748.933/0001-55;;
26.690.002/0001-43;;
26.678.629/0001-89;;
26.659.124/0001-77;;
26.642.424/0001-43;;
26.626.757/0001-89;;
26.565.433/0001-88;;
26.509.915/0001-10;;
26.465.319/0001-86;;
26.454.299/0001-48;;
26.356.155/0001-59;;
26.300.056/0001-55;;
26.250.072/0001-80;;
26.195.183/0001-31;;
26.145.263/0001-82;;
26.135.019/0001-39;;
26.127.671/0001-01;;
26.118.746/0001-98;;
26.092.354/0001-05;;
26.062.223/0001-77;;
26.031.076/0001-78;;
26.016.316/0001-65;;
25.363.223/0001-44;;
25.321.257/0001-76;;
25.299.177/0001-61;;
25.242.111/0001-35;;
25.239.739/0001-81;;
25.210.078/0001-61;;
25.207.066/0001-88;;
25.178.600/0001-75;;
25.156.658/0001-18;;
25.131.149/0001-30;;
25.118.296/0001-70;;
25.064.500/0001-18;;
25.036.597/0001-55;;
24.995.515/0001-37;;
24.990.903/0001-25;;
24.979.649/0001-64;;
24.968.747/0001-04;;
24.965.705/0001-01;;
24.951.938/0001-55;;
24.912.713/0001-90;;
24.897.320/0001-54;;
24.847.078/0001-04;;
24.846.764/0001-60;;
24.827.336/0001-90;;
24.771.150/0001-67;;
24.767.744/0001-02;;
24.738.069/0001-85;;
24.726.381/0001-59;;
24.716.341/0001-26;;
24.664.890/0001-02;;
24.639.451/0001-31;;
24.618.497/0001-74;;
24.615.693/0001-95;;
24.603.453/0001-70;;
24.588.723/0001-11;;
24.568.229/0001-95;;
24.557.009/0001-66;;
24.556.231/0001-44;;
24.544.000/0001-10;;
24.537.971/0001-33;;
24.526.897/0001-50;;
24.512.826/0001-06;;
24.501.191/0001-33;;
24.439.032/0001-56;;
24.400.854/0001-23;;
24.379.407/0001-30;;
24.353.595/0001-27;;
24.353.008/0001-08;;
24.324.318/0001-96;;
24.323.816/0001-14;;
24.245.427/0001-18;;
24.245.066/0001-00;;
24.197.134/0001-02;;
24.131.205/0001-74;;
23.976.093/0001-90;;
23.956.421/0001-96;;
23.937.211/0001-50;;
23.854.051/0001-86;;
23.846.620/0001-41;;
23.844.883/0001-11;;
23.838.446/0001-95;;
23.778.805/0001-66;;
23.776.292/0001-54;;
23.694.450/0001-27;;
23.686.613/0001-20;;
23.682.360/0001-16;;
23.647.532/0001-10;;
23.616.925/0001-67;;
23.616.417/0001-89;;
23.606.675/0001-84;;
23.598.591/0001-46;;
23.553.960/0001-84;;
23.541.839/0001-32;;
23.470.801/0001-16;;
23.470.129/0001-69;;
23.432.952/0001-80;;
23.404.268/0001-94;;
23.363.818/0001-74;;
23.352.035/0001-95;;
23.343.829/0001-92;;
23.316.705/0001-18;;
23.278.265/0001-51;;
23.270.055/0001-17;;
23.241.826/0001-48;;
23.241.791/0001-47;;
23.220.165/0001-74;;
23.127.461/0001-25;;
23.105.478/0001-81;;
23.047.201/0001-40;;
23.018.909/0001-72;;
23.000.455/0001-02;;
22.991.853/0001-75;;
22.990.027/0001-01;;
22.988.991/0001-03;;
22.966.057/0001-82;;
22.963.529/0001-43;;
22.953.057/0001-48;;
22.950.975/0001-13;;
22.933.178/0001-28;;
22.865.369/0001-08;;
22.855.984/0001-25;;
22.820.529/0001-94;;
22.763.508/0001-84;;
22.752.680/0001-32;;
22.722.692/0001-14;;
22.717.663/0001-64;;
22.670.623/0001-04;;
22.629.933/0001-85;;
22.627.199/0001-15;;
22.620.464/0001-33;;
22.598.846/0001-08;;
22.588.502/0001-18;;
22.575.835/0001-02;;
22.565.910/0001-54;;
22.550.353/0001-06;;
22.530.425/0001-45;;
22.487.769/0001-19;;
22.487.617/0001-16;;
22.477.819/0001-87;;
22.469.034/0001-62;;
22.446.880/0001-67;;
22.417.388/0001-63;;
22.399.375/0001-09;;
22.383.835/0001-00;;
22.377.008/0001-04;;
22.352.403/0001-32;;
22.349.151/0001-92;;
22.339.700/0001-48;;
22.339.633/0001-61;;
22.195.430/0001-49;;
22.166.611/0001-47;;
22.142.826/0001-28;;
22.119.177/0001-44;;
22.076.247/0001-24;;
22.065.894/0001-30;;
22.060.001/0001-64;;
22.012.632/0001-08;;
21.962.661/0001-78;;
21.949.897/0001-74;;
21.940.791/0001-00;;
21.905.349/0001-42;;
21.841.494/0001-07;;
21.752.577/0001-20;;
21.747.348/0001-17;;
21.705.972/0001-51;;
21.705.902/0001-01;;
21.695.400/0001-39;;
21.663.865/0001-08;;
21.628.213/0001-32;;
21.603.708/0001-07;;
21.546.721/0001-71;;
21.542.670/0001-00;;
21.514.759/0001-62;;
21.474.121/0001-45;;
21.391.113/0001-35;;
21.372.048/0001-09;;
21.364.635/0001-48;;
21.346.633/0001-26;;
21.342.824/0001-10;;
21.324.170/0001-00;;
21.320.716/0001-46;;
21.278.554/0001-25;;
21.239.974/0001-00;;
21.216.165/0001-75;;
21.163.395/0001-13;;
21.133.247/0001-56;;
21.119.792/0001-98;;
21.101.391/0001-00;;
21.092.316/0001-20;;
21.092.296/0001-98;;
21.086.658/0001-38;;
21.082.753/0001-63;;
21.069.510/0001-95;;
20.958.479/0001-80;;
20.928.724/0001-07;;
20.903.501/0001-95;;
20.900.075/0001-36;;
20.891.860/0001-70;;
20.866.517/0001-75;;
20.846.506/0001-23;;
20.769.807/0001-09;;
20.768.582/0001-68;;
20.740.436/0001-24;;
20.732.086/0001-54;;
20.723.399/0001-46;;
20.706.381/0001-36;;
20.706.371/0001-09;;
20.703.900/0001-02;;
20.685.478/0001-00;;
20.679.018/0001-79;;
20.622.121/0001-82;;
20.618.387/0001-51;;
20.533.599/0001-36;;
20.524.577/0001-00;;
20.503.480/0001-10;;
20.489.499/0001-50;;
20.482.380/0001-55;;
20.447.232/0001-08;;
20.445.655/0001-80;;
20.421.953/0001-30;;
20.384.184/0001-48;;
20.341.146/0001-08;;
20.282.918/0001-88;;
20.276.075/0001-07;;
20.230.519/0001-73;;
20.213.218/0001-31;;
20.212.404/0001-56;;
20.195.902/0001-38;;
20.162.215/0001-16;;
20.082.737/0001-08;;
20.023.945/0001-36;;
20.003.850/0001-50;;
20.003.136/0001-62;;
19.970.499/0001-98;;
19.966.033/0001-19;;
19.963.333/0001-44;;
19.955.528/0001-42;;
19.954.110/0001-10;;
19.827.107/0001-36;;
19.815.218/0001-22;;
19.794.035/0001-78;;
19.785.932/0001-15;;
19.780.245/0001-07;;
19.753.602/0001-48;;
19.697.954/0001-23;;
19.691.806/0001-00;;
19.668.368/0001-50;;
19.596.904/0001-50;;
19.589.231/0001-00;;
19.570.257/0001-07;;
19.447.709/0001-68;;
19.434.318/0001-09;;
19.424.941/0001-80;;
19.424.932/0001-90;;
19.417.564/0001-52;;
19.388.943/0001-61;;
19.375.929/0001-23;;
19.354.132/0001-40;;
19.338.919/0001-18;;
19.281.805/0001-89;;
19.263.873/0001-15;;
19.234.874/0001-31;;
19.233.668/0001-07;;
19.219.308/0001-50;;
19.199.706/0001-52;;
19.169.644/0001-36;;
19.089.752/0001-07;;
19.089.718/0001-24;;
19.060.534/0001-31;;
19.051.467/0001-99;;
19.041.212/0001-45;;
19.038.185/0001-51;;
19.031.911/0001-04;;
18.998.178/0001-39;;
18.994.917/0001-14;;
18.968.342/0001-65;;
18.904.237/0001-62;;
18.889.409/0001-76;;
18.889.278/0001-27;;
18.886.433/0001-51;;
18.809.636/0001-44;;
18.759.113/0001-30;;
18.753.304/0001-95;;
18.753.019/0001-74;;
18.712.261/0001-08;;
18.694.657/0001-61;;
18.645.503/0001-80;;
18.642.385/0001-56;;
18.604.905/0001-36;;
18.572.787/0001-21;;
18.571.920/0001-25;;
18.555.230/0001-82;;
18.553.918/0001-23;;
18.533.147/0001-02;;
18.475.894/0001-31;;
18.458.013/0001-74;;
18.435.541/0001-08;;
18.416.348/0001-20;;
18.406.431/0001-18;;
18.388.055/0001-86;;
18.301.862/0001-10;;
18.295.276/0001-00;;
18.288.689/0001-67;;
18.284.567/0001-00;;
18.279.451/0001-75;;
18.269.914/0001-18;;
18.243.580/0001-03;;
18.228.358/0001-31;;
18.194.327/0001-07;;
18.156.675/0001-90;;
18.144.738/0001-98;;
18.128.153/0001-84;;
18.091.315/0001-57;;
18.029.042/0001-10;;
18.015.649/0001-41;;
17.999.920/0001-68;;
17.969.600/0001-65;;
17.959.098/0001-01;;
17.920.451/0001-40;;
17.911.525/0001-81;;
17.902.929/0001-09;;
17.879.595/0001-08;;
17.849.723/0001-62;;
17.840.550/0001-11;;
17.825.889/0001-49;;
17.805.575/0001-84;;
17.741.249/0001-50;;
17.717.524/0001-09;;
17.690.559/0001-93;;
17.689.208/0001-62;;
17.689.176/0001-03;;
17.688.266/0001-71;;
17.688.141/0001-41;;
17.688.059/0001-17;;
17.671.094/0001-23;;
17.637.531/0001-92;;
17.621.066/0001-00;;
17.617.405/0001-76;;
17.616.406/0001-04;;
17.575.222/0001-35;;
17.560.253/0001-12;;
17.526.676/0001-16;;
17.475.841/0001-58;;
17.472.822/0001-78;;
17.471.171/0001-00;;
17.462.964/0001-54;;
17.451.701/0001-40;;
17.428.250/0001-20;;
17.428.098/0001-85;;
17.424.773/0001-06;;
17.399.073/0001-09;;
17.364.631/0001-92;;
17.364.510/0001-40;;
17.293.554/0001-27;;
17.288.334/0001-05;;
17.286.756/0001-41;;
17.232.147/0001-00;;
17.215.116/0001-40;;
17.204.021/0001-21;;
17.203.875/0001-93;;
17.178.064/0001-80;;
17.169.060/0001-35;;
17.135.398/0001-76;;
17.129.596/0001-27;;
17.104.564/0001-77;;
17.082.526/0001-60;;
17.080.058/0001-95;;
17.064.902/0001-94;;
17.058.943/0001-78;;
17.049.787/0001-89;;
17.038.957/0001-20;;
17.020.954/0001-69;;
17.020.923/0002-99;;
17.020.923/0001-08;;
17.016.859/0001-91;;
17.016.711/0001-57;;
17.015.995/0001-67;;
17.000.088/0001-44;;
16.989.562/0001-40;;
16.982.294/0001-34;;
16.976.123/0001-00;;
16.926.423/0001-77;;
16.891.791/0001-27;;
16.883.557/0001-58;;
16.882.626/0001-09;;
16.809.666/0001-25;;
16.791.308/0001-32;;
16.755.945/0001-53;;
16.743.300/0001-09;;
16.734.372/0001-81;;
16.700.043/0001-10;;
16.608.742/0001-34;;
15.918.855/0001-73;;
15.814.552/0001-00;;
15.814.461/0001-75;;
15.797.610/0001-35;;
15.791.547/0001-20;;
15.701.541/0001-14;;
15.693.910/0001-74;;
15.669.453/0001-82;;
15.653.741/0001-49;;
15.653.290/0001-40;;
15.607.606/0001-67;;
15.607.434/0001-21;;
15.575.126/0001-61;;
15.567.817/0001-13;;
15.531.115/0001-80;;
15.513.620/0001-00;;
15.459.791/0001-90;;
15.436.356/0001-40;;
15.421.124/0001-18;;
15.404.373/0001-03;;
15.370.262/0001-15;;
15.370.017/0001-08;;
15.356.951/0001-75;;
15.320.425/0001-55;;
15.286.004/0001-55;;
15.281.552/0001-92;;
15.265.613/0001-28;;
15.249.300/0001-86;;
15.246.930/0001-05;;
15.229.960/0001-03;;
15.212.839/0002-41;;
15.212.839/0001-60;;
15.186.743/0001-75;;
15.175.211/0001-32;;
15.155.668/0001-85;;
15.153.867/0001-54;;
15.125.031/0001-46;;
15.074.515/0001-03;;
15.049.999/0001-30;;
15.020.067/0001-65;;
14.995.475/0001-70;;
14.962.810/0001-33;;
14.935.711/0001-62;;
14.921.041/0001-25;;
14.878.703/0001-21;;
14.855.908/0001-91;;
14.791.223/0001-29;;
14.746.108/0001-32;;
14.700.731/0001-54;;
14.700.638/0001-40;;
14.686.305/0001-03;;
14.678.059/0001-48;;
14.677.828/0001-93;;
14.668.676/0001-62;;
14.661.601/0001-50;;
14.649.311/0001-90;;
14.608.508/0001-81;;
14.602.038/0001-49;;
14.578.945/0001-08;;
14.543.661/0001-78;;
14.508.382/0001-73;;
14.484.115/0001-03;;
14.475.250/0001-92;;
14.440.670/0001-33;;
14.439.175/0001-04;;
14.428.341/0001-77;;
14.428.051/0001-23;;
14.427.654/0001-00;;
14.381.086/0001-54;;
14.380.359/0001-46;;
14.366.308/0001-60;;
14.297.950/0001-34;;
14.296.303/0001-08;;
14.280.765/0001-37;;
14.279.694/0001-52;;
14.249.971/0001-84;;
14.209.176/0001-62;;
14.135.813/0001-01;;
14.128.380/0001-59;;
14.127.952/0001-85;;
14.112.736/0001-66;;
14.071.616/0001-68;;
14.053.071/0001-67;;
13.989.152/0001-00;;
13.981.160/0001-00;;
13.965.365/0001-00;;
13.960.964/0001-23;;
13.934.080/0001-02;;
13.890.230/0001-15;;
13.881.457/0001-02;;
13.853.955/0001-33;;
13.824.459/0001-51;;
13.809.189/0001-00;;
13.765.742/0001-50;;
13.759.343/0001-86;;
13.715.282/0001-55;;
13.715.272/0001-10;;
13.701.785/0001-71;;
13.691.730/0001-28;;
13.626.235/0001-35;;
13.586.852/0001-54;;
13.584.590/0001-99;;
13.569.857/0001-79;;
13.553.322/0001-00;;
13.532.444/0001-10;;
13.520.269/0001-40;;
13.517.576/0001-72;;
13.494.405/0001-75;;
13.493.406/0001-03;;
13.489.271/0001-02;;
13.462.260/0001-20;;
13.446.795/0001-08;;
13.414.645/0001-12;;
13.343.059/0001-24;;
13.337.572/0001-02;;
13.305.419/0001-01;;
13.297.136/0001-57;;
13.266.696/0001-44;;
13.263.351/0001-37;;
13.262.509/0001-54;;
13.261.925/0001-38;;
13.247.043/0001-18;;
13.233.495/0001-40;;
13.226.133/0001-22;;
13.116.671/0001-64;;
13.109.957/0001-12;;
13.106.327/0001-94;;
13.064.317/0001-33;;
13.004.036/0001-95;;
12.992.545/0001-00;;
12.976.280/0001-57;;
12.935.005/0001-95;;
12.927.234/0001-68;;
12.911.117/0001-06;;
12.904.971/0001-45;;
12.893.579/0001-48;;
12.881.365/0001-51;;
12.803.280/0001-55;;
12.752.165/0001-07;;
12.747.201/0001-36;;
12.723.283/0001-89;;
12.701.027/0001-90;;
12.692.295/0001-93;;
12.681.611/0001-21;;
12.674.791/0001-14;;
12.615.820/0001-77;;
12.614.660/0001-41;;
12.607.919/0001-27;;
12.587.483/0001-51;;
12.583.759/0001-23;;
12.580.634/0001-40;;
12.558.842/0001-42;;
12.464.660/0001-02;;
12.432.919/0001-33;;
12.407.222/0001-02;;
12.370.575/0002-66;;
12.364.087/0001-65;;
12.350.780/0001-89;;
12.318.410/0001-64;;
12.309.594/0001-04;;
12.285.679/0001-91;;
12.274.902/0001-03;;
12.262.063/0001-03;;
12.260.614/0001-91;;
12.259.029/0001-71;;
12.252.313/0001-16;;
12.239.160/0001-77;;
12.182.674/0001-33;;
12.166.343/0001-00;;
12.159.192/0001-62;;
12.153.384/0001-61;;
12.144.363/0001-80;;
12.140.614/0001-58;;
12.118.355/0001-69;;
12.104.506/0001-20;;
12.102.889/0001-05;;
12.099.505/0001-34;;
12.094.584/0001-90;;
12.089.483/0001-21;;
12.069.667/0001-20;;
12.028.607/0001-69;;
12.023.922/0001-01;;
12.022.147/0001-61;;
12.013.957/0001-51;;
11.973.528/0001-63;;
11.957.273/0001-45;;
11.940.120/0001-95;;
11.929.345/0001-40;;
11.856.864/0001-26;;
11.856.850/0001-02;;
11.827.640/0001-96;;
11.815.331/0001-04;;
11.811.043/0001-73;;
11.802.715/0001-84;;
11.800.621/0001-76;;
11.781.315/0001-30;;
11.776.544/0001-66;;
11.768.654/0001-86;;
11.759.627/0001-47;;
11.753.448/0001-00;;
11.748.526/0001-70;;
11.748.489/0001-09;;
11.748.093/0001-53;;
11.745.608/0001-61;;
11.703.920/0001-92;;
11.701.558/0001-10;;
11.683.569/0001-15;;
11.671.708/0004-33;;
11.670.366/0001-94;;
11.656.389/0001-44;;
11.655.593/0001-40;;
11.624.361/0001-25;;
11.616.086/0001-06;;
11.615.595/0001-06;;
11.608.886/0001-77;;
11.592.983/0001-19;;
11.565.483/0001-98;;
11.550.527/0001-06;;
11.548.754/0001-05;;
11.496.855/0001-71;;
11.481.391/0001-20;;
11.473.035/0001-64;;
11.443.442/0001-29;;
11.429.239/0001-06;;
11.418.978/0001-94;;
11.398.304/0001-75;;
11.390.004/0001-40;;
11.379.620/0001-08;;
11.373.563/0001-41;;
11.370.180/0001-10;;
11.366.338/0001-88;;
11.358.189/0001-05;;
11.357.646/0001-47;;
11.354.130/0001-49;;
11.339.608/0001-61;;
11.332.196/0001-38;;
11.310.383/0001-10;;
11.309.487/0001-05;;
11.303.217/0001-97;;
11.282.965/0001-30;;
11.279.077/0001-69;;
11.279.058/0001-32;;
11.265.163/0001-12;;
11.262.994/0001-30;;
11.250.777/0001-20;;
11.247.241/0001-56;;
11.229.595/0001-78;;
11.217.879/0001-44;;
11.202.383/0001-05;;
11.197.642/0001-49;;
11.183.268/0001-22;;
11.180.362/0001-28;;
11.168.632/0001-85;;
11.164.358/0001-76;;
11.163.404/0001-12;;
11.160.403/0001-14;;
11.149.814/0001-09;;
11.130.520/0001-35;;
11.127.114/0001-13;;
11.122.968/0001-07;;
11.121.987/0001-19;;
11.121.270/0001-77;;
11.119.276/0001-00;;
11.118.033/0001-57;;
11.107.383/0001-18;;
11.096.397/0001-83;;
11.095.303/0001-51;;
11.091.793/0001-18;;
11.070.788/0001-29;;
11.069.450/0001-57;;
11.067.314/0001-28;;
11.063.532/0001-94;;
11.059.690/0001-70;;
11.052.565/0001-39;;
11.039.298/0001-60;;
11.038.076/0001-22;;
11.038.036/0001-80;;
11.029.300/0001-10;;
11.026.447/0001-56;;
11.026.435/0001-21;;
11.016.488/0001-61;;
11.007.631/0001-59;;
10.996.712/0001-66;;
10.988.224/0001-07;;
10.981.984/0001-92;;
10.981.240/0001-78;;
10.948.529/0007-80;;
10.947.712/0001-76;;
10.946.400/0001-48;;
10.940.560/0001-80;;
10.936.967/0001-33;;
10.936.272/0001-51;;
10.919.525/0001-89;;
10.913.477/0001-11;;
10.912.259/0001-62;;
10.909.948/0001-18;;
10.903.465/0001-06;;
10.895.534/0001-87;;
10.887.366/0001-88;;
10.884.489/0001-65;;
10.869.744/0001-09;;
10.861.559/0001-60;;
10.851.991/0001-70;;
10.849.139/0001-68;;
10.844.689/0001-94;;
10.841.873/0001-80;;
10.834.530/0001-99;;
10.829.233/0001-55;;
10.827.375/0001-83;;
10.808.008/0001-32;;
10.802.002/0001-58;;
10.798.969/0001-03;;
10.771.519/0001-27;;
10.769.406/0001-97;;
10.767.990/0001-41;;
10.750.401/0001-12;;
10.738.859/0001-56;;
10.735.968/0001-10;;
10.723.285/0001-42;;
10.713.578/0001-49;;
10.696.306/0001-88;;
10.694.113/0001-98;;
10.693.763/0001-19;;
10.690.175/0001-21;;
10.689.288/0001-07;;
10.681.123/0001-99;;
10.680.332/0001-18;;
10.654.778/0001-78;;
10.636.761/0001-98;;
10.630.688/0001-47;;
10.630.574/0001-05;;
10.619.881/0001-87;;
10.619.242/0001-11;;
10.616.002/0001-63;;
10.609.301/0001-70;;
10.598.053/0001-00;;
10.595.550/0001-54;;
10.595.238/0001-60;;
10.589.417/0001-95;;
10.586.210/0001-67;;
10.582.144/0001-57;;
10.582.048/0001-09;;
10.571.991/0001-16;;
10.561.105/0001-73;;
10.559.841/0001-97;;
10.556.958/0001-17;;
10.546.107/0001-93;;
10.536.222/0001-87;;
10.535.418/0001-57;;
10.502.700/0001-38;;
10.494.944/0001-16;;
10.489.216/0001-16;;
10.489.175/0001-68;;
10.478.757/0001-49;;
10.474.177/0001-83;;
10.467.222/0001-72;;
10.452.166/0001-00;;
10.445.480/0001-58;;
10.431.402/0001-02;;
10.427.910/0001-09;;
10.419.314/0001-87;;
10.418.030/0001-76;;
10.409.208/0001-12;;
10.402.677/0001-00;;
10.398.765/0001-85;;
10.397.030/0001-37;;
10.394.238/0001-00;;
10.390.598/0001-26;;
10.388.453/0001-90;;
10.373.353/0001-90;;
10.357.576/0001-64;;
10.344.082/0001-45;;
10.339.524/0001-65;;
10.339.341/0001-40;;
10.325.796/0001-06;;
10.316.739/0001-60;;
10.296.806/0001-22;;
10.293.915/0001-96;;
10.273.396/0001-02;;
10.265.922/0001-84;;
10.258.649/0001-60;;
10.256.282/0001-46;;
10.233.862/0001-18;;
10.230.749/0001-89;;
10.228.999/0001-84;;
10.220.607/0001-30;;
10.202.806/0001-16;;
10.169.162/0001-01;;
10.144.940/0001-08;;
10.013.310/0005-28;;
09.912.425/0001-41;;
09.912.307/0001-33;;
09.815.503/0001-90;;
09.651.033/0001-76;;
09.649.667/0001-94;;
09.647.056/0001-07;;
09.645.743/0001-93;;
09.644.455/0001-14;;
09.638.793/0001-43;;
09.636.151/0001-05;;
09.627.163/0001-73;;
09.620.947/0001-70;;
09.620.484/0001-46;;
09.618.923/0001-86;;
09.617.545/0001-16;;
09.613.338/0001-93;;
09.612.727/0001-02;;
09.612.333/0001-46;;
09.599.594/0001-73;;
09.595.474/0001-06;;
09.592.101/0001-73;;
09.590.702/0001-47;;
09.590.212/0001-40;;
09.550.168/0001-45;;
09.541.336/0001-36;;
09.525.818/0001-00;;
09.517.176/0001-90;;
09.515.568/0001-10;;
09.500.684/0001-65;;
09.492.443/0001-11;;
09.491.941/0001-40;;
09.483.182/0005-05;;
09.468.878/0001-20;;
09.468.634/0001-48;;
09.442.509/0001-69;;
09.426.589/0001-69;;
09.417.976/0001-39;;
09.416.247/0001-68;;
09.405.178/0001-97;;
09.402.410/0001-33;;
09.389.430/0001-11;;
09.374.219/0001-25;;
09.366.669/0001-76;;
09.360.718/0001-63;;
09.356.666/0001-51;;
09.353.819/0001-07;;
09.350.878/0001-21;;
09.345.230/0001-67;;
09.340.870/0001-84;;
09.328.399/0001-09;;
09.312.284/0001-26;;
09.311.925/0001-28;;
09.308.965/0001-10;;
09.267.988/0001-24;;
09.266.408/0001-84;;
09.259.559/0001-05;;
09.258.697/0001-70;;
09.255.707/0001-13;;
09.252.423/0001-73;;
09.245.524/0001-17;;
09.228.513/0001-29;;
09.227.649/0001-14;;
09.208.456/0001-16;;
09.190.352/0001-21;;
09.183.030/0001-55;;
09.182.438/0001-02;;
09.171.061/0001-96;;
09.150.883/0001-90;;
09.140.668/0001-09;;
09.137.645/0001-45;;
09.099.448/0001-89;;
09.075.348/0001-12;;
09.066.757/0001-52;;
09.065.273/0001-99;;
09.061.310/0001-90;;
09.048.229/0001-70;;
09.047.460/0001-40;;
09.044.189/0001-99;;
09.035.816/0001-25;;
09.028.464/0001-80;;
09.022.590/0001-28;;
09.019.096/0001-04;;
09.016.979/0001-60;;
09.014.138/0001-14;;
09.000.815/0001-45;;
08.985.371/0001-81;;
08.982.179/0001-31;;
08.981.600/0001-90;;
08.980.284/0001-31;;
08.979.788/0001-31;;
08.973.272/0001-80;;
08.970.283/0001-06;;
08.960.666/0001-01;;
08.957.828/0001-44;;
08.954.040/0001-84;;
08.950.936/0001-95;;
08.949.066/0001-34;;
08.942.142/0001-80;;
08.938.496/0001-50;;
08.930.289/0001-50;;
08.930.278/0001-70;;
08.926.364/0001-09;;
08.925.615/0001-30;;
08.924.845/0001-85;;
08.889.454/0001-77;;
08.886.448/0001-66;;
08.877.020/0001-57;;
08.876.772/0001-01;;
08.857.702/0001-06;;
08.844.207/0001-54;;
08.837.828/0001-00;;
08.832.055/0001-70;;
08.829.011/0001-90;;
08.827.033/0001-11;;
08.825.605/0001-23;;
08.818.391/0003-20;;
08.808.268/0001-66;;
08.805.856/0001-46;;
08.800.739/0001-90;;
08.798.198/0001-02;;
08.787.341/0001-60;;
08.777.696/0001-79;;
08.761.673/0001-76;;
08.750.328/0001-37;;
08.743.434/0001-93;;
08.740.609/0001-09;;
08.733.878/0001-48;;
08.715.409/0001-04;;
08.714.285/0001-34;;
08.714.178/0001-06;;
08.701.806/0001-19;;
08.700.037/0001-34;;
08.687.561/0001-12;;
08.685.029/0001-66;;
08.652.600/0001-46;;
08.648.819/0001-71;;
08.645.036/0001-34;;
08.643.293/0001-37;;
08.641.283/0001-62;;
08.633.598/0001-68;;
08.629.553/0001-10;;
08.623.575/0001-72;;
08.612.409/0001-70;;
08.608.855/0001-01;;
08.601.434/0001-59;;
08.598.319/0001-72;;
08.596.003/0001-41;;
08.586.379/0001-75;;
08.586.227/0001-72;;
08.563.621/0001-95;;
08.528.939/0001-35;;
08.518.624/0001-07;;
08.486.434/0001-55;;
08.470.960/0001-27;;
08.450.930/0001-59;;
08.446.697/0001-30;;
08.446.672/0001-37;;
08.424.215/0001-41;;
08.419.594/0001-81;;
08.419.221/0001-00;;
08.415.726/0001-05;;
08.415.376/0001-79;;
08.398.113/0001-07;;
08.395.763/0001-90;;
08.377.162/0001-55;;
08.374.495/0001-20;;
08.363.449/0001-26;;
08.343.088/0001-56;;
08.334.190/0001-95;;
08.333.223/0001-82;;
08.312.701/0001-78;;
08.307.581/0001-10;;
08.304.346/0001-95;;
08.304.192/0001-31;;
08.302.504/0001-78;;
08.294.692/0001-30;;
08.294.169/0001-03;;
08.268.865/0001-45;;
08.256.114/0001-09;;
08.241.536/0001-00;;
08.235.003/0001-16;;
08.219.005/0001-11;;
08.187.596/0001-92;;
08.156.359/0001-64;;
08.144.463/0001-39;;
08.111.799/0001-03;;
08.111.182/0001-80;;
08.100.705/0001-92;;
08.081.186/0001-62;;
08.058.366/0001-23;;
08.046.789/0001-23;;
08.017.555/0001-58;;
08.010.504/0001-02;;
08.009.345/0001-18;;
08.003.227/0001-00;;
07.984.221/0001-90;;
07.976.926/0001-66;;
07.973.095/0001-79;;
07.966.562/0001-33;;
07.942.192/0001-02;;
07.936.287/0001-05;;
07.929.815/0001-07;;
07.904.332/0001-40;;
07.892.972/0001-87;;
07.889.648/0001-00;;
07.884.498/0001-41;;
07.878.839/0001-76;;
07.858.667/0001-79;;
07.849.604/0001-56;;
07.839.313/0001-87;;
07.839.141/0001-41;;
07.839.032/0001-24;;
07.838.417/0001-77;;
07.832.426/0001-50;;
07.828.195/0001-01;;
07.823.775/0001-06;;
07.823.273/0001-85;;
07.822.126/0001-90;;
07.821.411/0001-97;;
07.803.619/0001-83;;
07.802.467/0001-02;;
07.801.785/0001-40;;
07.786.844/0001-59;;
07.777.302/0001-10;;
07.763.757/0001-86;;
07.756.952/0001-89;;
07.752.673/0001-47;;
07.751.674/0001-77;;
07.742.328/0001-22;;
07.739.598/0001-84;;
07.737.248/0001-89;;
07.733.349/0001-81;;
07.732.006/0001-00;;
07.731.593/0001-05;;
07.729.464/0001-82;;
07.728.609/0001-20;;
07.726.113/0001-18;;
07.723.112/0001-10;;
07.722.974/0001-28;;
07.706.543/0001-78;;
07.702.919/0001-76;;
07.697.464/0001-48;;
07.694.026/0001-26;;
07.675.533/0001-12;;
07.673.626/0001-08;;
07.673.564/0001-34;;
07.669.192/0001-72;;
07.658.250/0001-62;;
07.645.361/0001-34;;
07.627.608/0001-90;;
07.625.259/0001-77;;
07.606.956/0001-80;;
07.601.135/0001-51;;
07.596.421/0001-76;;
07.587.722/0001-33;;
07.585.765/0001-80;;
07.583.811/0001-01;;
07.574.299/0001-37;;
07.570.445/0001-56;;
07.565.978/0001-40;;
07.564.492/0001-97;;
07.553.276/0001-46;;
07.549.697/0001-01;;
07.532.200/0001-34;;
07.528.301/0001-31;;
07.522.609/0001-70;;
07.515.766/0001-58;;
07.503.482/0001-41;;
07.497.334/0001-61;;
07.494.105/0001-93;;
07.476.121/0001-53;;
07.470.211/0001-37;;
07.459.015/0004-04;;
07.443.471/0001-13;;
07.430.199/0001-37;;
07.426.404/0001-90;;
07.402.825/0015-87;;
07.399.341/0001-20;;
07.380.370/0001-40;;
07.370.933/0001-10;;
07.368.738/0001-55;;
07.365.832/0001-50;;
07.364.494/0001-32;;
07.339.923/0001-11;;
07.330.288/0001-01;;
07.327.515/0001-40;;
07.308.537/0001-62;;
07.283.775/0001-60;;
07.263.861/0001-01;;
07.248.375/0001-14;;
07.240.142/0001-75;;
07.234.415/0001-79;;
07.231.838/0001-35;;
07.227.565/0001-55;;
07.170.997/0001-77;;
07.167.184/0001-28;;
07.164.702/0001-50;;
07.144.312/0001-18;;
07.133.059/0001-05;;
07.113.026/0001-95;;
07.111.046/0001-27;;
07.110.751/0001-00;;
07.097.185/0001-43;;
07.083.560/0001-04;;
07.081.290/0001-94;;
07.071.945/0001-43;;
07.069.023/0001-00;;
07.052.147/0001-74;;
07.049.769/0001-43;;
07.021.804/0001-16;;
07.014.031/0001-40;;
07.009.433/0001-57;;
06.960.005/0001-42;;
06.951.351/0001-64;;
06.942.436/0001-86;;
06.933.889/0001-46;;
06.928.420/0001-19;;
06.905.963/0001-10;;
06.888.512/0001-12;;
06.886.919/0001-00;;
06.886.825/0001-31;;
06.555.596/0001-72;;
06.354.420/0001-52;;
06.335.604/0001-75;;
06.325.758/0001-86;;
06.308.702/0001-13;;
06.286.943/0001-09;;
06.281.527/0001-18;;
06.281.112/0001-44;;
06.279.504/0001-79;;
06.266.228/0001-04;;
06.250.533/0001-08;;
06.245.303/0001-50;;
06.233.257/0001-70;;
06.225.000/0001-76;;
06.215.609/0001-64;;
06.197.591/0001-15;;
06.189.804/0001-67;;
06.183.931/0001-59;;
06.183.300/0001-30;;
06.178.341/0001-38;;
06.174.504/0001-04;;
06.166.279/0001-64;;
06.162.160/0001-13;;
06.153.026/0001-56;;
06.152.962/0001-42;;
06.136.960/0001-60;;
06.116.450/0001-20;;
06.094.471/0001-92;;
06.092.562/0001-99;;
06.092.556/0001-31;;
06.091.514/0001-86;;
06.078.664/0001-50;;
06.053.154/0001-28;;
06.050.857/0001-00;;
06.050.513/0001-93;;
06.047.429/0001-10;;
06.044.493/0001-48;;
06.043.972/0001-40;;
06.041.984/0001-35;;
06.037.245/0001-70;;
06.030.077/0001-90;;
06.022.912/0001-40;;
06.019.507/0001-73;;
06.013.229/0001-47;;
06.010.152/0001-51;;
06.000.264/0001-21;;
06.000.208/0001-97;;
06.000.149/0001-57;;
05.995.166/0001-09;;
05.990.945/0001-11;;
05.981.270/0001-44;;
05.974.509/0001-59;;
05.945.573/0001-01;;
05.941.902/0001-46;;
05.937.601/0001-49;;
05.928.567/0001-46;;
05.926.171/0001-60;;
05.925.799/0001-40;;
05.909.762/0001-29;;
05.893.436/0001-70;;
05.889.180/0001-28;;
05.876.744/0001-98;;
05.872.334/0001-79;;
05.871.228/0001-70;;
05.870.703/0001-94;;
05.859.528/0001-34;;
05.857.796/0001-17;;
05.855.243/0001-25;;
05.819.173/0001-50;;
05.805.519/0001-60;;
05.768.306/0001-06;;
05.763.599/0001-39;;
05.756.220/0001-63;;
05.753.198/0001-06;;
05.749.509/0001-55;;
05.743.684/0001-35;;
05.729.675/0001-90;;
05.699.893/0001-29;;
05.699.777/0001-00;;
05.677.124/0001-20;;
05.677.046/0001-63;;
05.675.238/0001-30;;
05.675.191/0001-05;;
05.665.094/0001-31;;
05.663.165/0001-67;;
05.659.551/0001-85;;
05.654.596/0001-67;;
05.650.641/0001-05;;
05.646.545/0001-93;;
05.632.612/0001-10;;
05.620.573/0001-31;;
05.620.495/0001-75;;
05.620.442/0001-54;;
05.606.592/0001-03;;
05.604.431/0001-80;;
05.595.157/0001-20;;
05.582.786/0001-16;;
05.576.157/0001-83;;
05.573.486/0001-70;;
05.571.111/0001-71;;
05.552.507/0001-71;;
05.548.141/0001-67;;
05.546.727/0001-92;;
05.529.396/0001-82;;
05.490.113/0001-36;;
05.475.737/0001-84;;
05.468.914/0001-03;;
05.457.109/0001-76;;
05.444.090/0001-23;;
05.442.609/0001-34;;
05.435.742/0001-63;;
05.427.720/0001-51;;
05.424.934/0001-74;;
05.421.104/0001-93;;
05.417.356/0001-49;;
05.411.447/0001-77;;
05.411.299/0001-90;;
05.404.040/0001-12;;
05.403.966/0001-93;;
05.399.534/0001-56;;
05.392.081/0001-36;;
05.390.757/0001-52;;
05.390.684/0001-07;;
05.388.013/0001-01;;
05.386.161/0001-89;;
05.379.903/0001-49;;
05.362.554/0001-52;;
05.354.831/0001-85;;
05.337.732/0001-95;;
05.335.521/0001-13;;
05.332.470/0001-76;;
05.316.275/0001-52;;
05.307.074/0001-99;;
05.302.154/0001-51;;
05.299.196/0001-80;;
05.291.816/0001-35;;
05.268.072/0001-38;;
05.265.088/0001-97;;
05.245.103/0001-35;;
05.242.283/0001-00;;
05.240.298/0001-20;;
05.234.520/0001-82;;
05.210.201/0001-37;;
05.205.838/0001-35;;
05.193.547/0001-74;;
05.164.878/0001-86;;
05.164.679/0001-78;;
05.148.364/0001-37;;
05.143.262/0001-29;;
05.131.427/0001-42;;
05.120.413/0001-23;;
05.103.457/0001-45;;
05.097.932/0001-18;;
05.066.251/0001-92;;
05.059.708/0001-31;;
05.053.480/0001-72;;
05.053.402/0001-78;;
05.052.588/0001-40;;
05.052.508/0001-57;;
05.048.799/0001-00;;
05.038.033/0001-44;;
05.033.129/0001-10;;
05.031.431/0001-39;;
05.023.564/0001-63;;
05.007.904/0001-62;;
05.005.294/0001-68;;
04.982.601/0001-06;;
04.964.158/0001-32;;
04.955.624/0001-13;;
04.948.941/0001-02;;
04.947.092/0001-72;;
04.935.792/0001-47;;
04.910.775/0001-55;;
04.902.665/0001-41;;
04.902.388/0001-77;;
04.882.504/0001-33;;
04.876.853/0001-42;;
04.849.638/0001-52;;
04.849.597/0001-02;;
04.831.317/0001-20;;
04.822.625/0001-90;;
04.806.543/0001-51;;
04.798.209/0001-01;;
04.764.631/0001-38;;
04.754.179/0001-23;;
04.741.507/0001-57;;
04.739.720/0001-24;;
04.727.183/0001-00;;
04.717.447/0001-37;;
04.697.326/0001-70;;
04.684.134/0001-20;;
04.673.581/0001-83;;
04.656.151/0001-53;;
04.628.445/0001-71;;
04.622.772/0001-16;;
04.612.178/0001-44;;
04.589.559/0001-50;;
04.585.077/0001-21;;
04.578.979/0001-30;;
04.544.716/0001-00;;
04.526.199/0001-47;;
04.464.930/0001-57;;
04.456.223/0001-19;;
04.456.085/0001-78;;
04.446.668/0001-18;;
04.445.571/0001-90;;
04.438.714/0001-37;;
04.433.857/0001-56;;
04.419.120/0001-89;;
04.418.677/0001-03;;
04.415.595/0001-05;;
04.412.590/0001-10;;
04.406.825/0001-61;;
04.400.485/0001-61;;
04.400.000/0001-30;;
04.383.482/0001-67;;
04.379.409/0001-11;;
04.370.681/0001-30;;
04.368.173/0001-18;;
04.365.692/0001-22;;
04.358.209/0001-82;;
04.350.543/0001-90;;
04.346.251/0001-83;;
04.336.874/0001-75;;
04.328.857/0001-96;;
04.312.910/0001-60;;
04.304.406/0001-19;;
04.297.982/0003-48;;
04.291.273/0001-93;;
04.291.202/0001-90;;
04.289.571/0001-49;;
04.271.843/0001-83;;
04.251.620/0001-54;;
04.250.356/0001-34;;
04.195.692/0001-21;;
04.192.729/0001-68;;
04.174.524/0001-50;;
04.164.071/0001-80;;
04.156.272/0001-36;;
04.156.232/0001-94;;
04.141.855/0001-93;;
04.112.508/0001-32;;
04.085.724/0001-36;;
04.083.489/0001-63;;
04.076.008/0001-92;;
04.067.024/0001-19;;
04.055.724/0001-93;;
04.053.063/0002-48;;
04.049.027/0001-20;;
04.033.466/0001-44;;
04.033.245/0001-76;;
04.031.314/0001-02;;
04.026.439/0001-44;;
04.026.388/0002-31;;
04.026.388/0001-50;;
04.024.298/0001-20;;
04.021.843/0001-25;;
04.016.900/0001-88;;
04.015.881/0001-75;;
04.013.692/0001-63;;
04.001.417/0001-20;;
03.986.260/0001-76;;
03.982.359/0001-08;;
03.969.408/0001-64;;
03.966.558/0001-14;;
03.953.349/0001-36;;
03.953.053/0001-15;;
03.950.208/0001-60;;
03.932.800/0001-39;;
03.932.676/0001-01;;
03.925.540/0001-74;;
03.916.694/0001-08;;
03.912.451/0001-93;;
03.900.513/0001-47;;
03.896.981/0001-95;;
03.884.414/0001-19;;
03.883.096/0001-71;;
03.882.815/0001-30;;
03.874.244/0001-91;;
03.866.011/0001-47;;
03.860.964/0001-06;;
03.850.973/0001-08;;
03.836.683/0001-00;;
03.821.544/0001-02;;
03.819.618/0001-76;;
03.807.215/0001-07;;
03.791.113/0001-40;;
03.791.074/0001-81;;
03.772.542/0001-70;;
03.771.783/0001-03;;
03.753.667/0001-53;;
03.753.276/0001-39;;
03.752.785/0001-47;;
03.747.725/0001-36;;
03.740.499/0001-61;;
03.728.496/0001-02;;
03.725.234/0001-94;;
03.716.638/0002-00;;
03.714.390/0001-50;;
03.714.371/0001-23;;
03.712.598/0001-30;;
03.712.027/0001-03;;
03.704.656/0001-83;;
03.684.641/0001-09;;
03.680.305/0001-80;;
03.675.172/0001-53;;
03.658.899/0001-22;;
03.617.606/0001-69;;
03.610.459/0001-03;;
03.604.045/0001-63;;
03.595.396/0001-55;;
03.594.924/0001-51;;
03.578.535/0001-32;;
03.576.283/0001-02;;
03.574.333/0001-12;;
03.563.450/0001-80;;
03.551.511/0001-90;;
03.540.688/0001-90;;
03.535.588/0001-76;;
03.533.349/0001-87;;
03.529.776/0001-91;;
03.514.756/0001-47;;
03.502.649/0001-07;;
03.489.970/0001-90;;
03.481.754/0001-07;;
03.477.504/0001-95;;
03.463.124/0001-00;;
03.459.665/0001-56;;
03.452.997/0001-09;;
03.429.746/0001-03;;
03.428.705/0001-00;;
03.413.392/0001-09;;
03.403.405/0001-69;;
03.400.527/0001-00;;
03.389.594/0001-62;;
03.383.807/0001-49;;
03.371.898/0001-00;;
03.367.609/0001-91;;
03.362.391/0001-82;;
03.361.793/0001-62;;
03.360.747/0001-49;;
03.339.994/0001-63;;
03.332.054/0001-42;;
03.314.516/0001-07;;
03.308.696/0001-06;;
03.306.190/0001-68;;
03.289.236/0001-88;;
03.255.606/0001-66;;
03.249.723/0001-17;;
03.244.163/0001-08;;
03.222.714/0001-32;;
03.197.545/0001-28;;
03.186.077/0001-96;;
03.169.746/0001-11;;
03.167.380/0001-41;;
03.165.233/0001-32;;
03.165.064/0001-30;;
03.136.704/0001-84;;
03.125.106/0001-00;;
03.120.716/0001-10;;
03.118.954/0001-91;;
03.111.277/0001-80;;
03.110.274/0001-21;;
03.106.932/0001-01;;
03.106.248/0001-20;;
03.105.346/0001-42;;
03.102.570/0001-80;;
03.094.966/0001-23;;
03.083.861/0001-79;;
03.072.332/0001-70;;
03.066.161/0001-76;;
03.056.003/0001-35;;
03.025.101/0001-05;;
03.018.699/0001-05;;
03.013.887/0001-40;;
03.010.660/0001-41;;
02.998.775/0001-23;;
02.998.280/0001-02;;
02.983.924/0001-80;;
02.981.973/0001-84;;
02.968.676/0001-07;;
02.966.488/0001-31;;
02.964.053/0001-58;;
02.957.425/0001-19;;
02.940.353/0001-05;;
02.937.813/0001-38;;
02.931.088/0001-90;;
02.929.548/0001-46;;
02.909.458/0001-93;;
02.902.323/0001-04;;
02.894.847/0001-92;;
02.879.589/0001-75;;
02.879.131/0001-16;;
02.871.387/0001-87;;
02.865.813/0001-70;;
02.863.474/0001-92;;
02.862.065/0001-71;;
02.860.932/0001-30;;
02.857.546/0001-99;;
02.841.623/0001-12;;
02.831.039/0001-86;;
02.815.761/0001-27;;
02.813.650/0001-81;;
02.813.309/0001-26;;
02.774.067/0001-09;;
02.774.055/0001-84;;
02.757.145/0001-67;;
02.752.011/0001-53;;
02.741.345/0001-21;;
02.717.391/0001-95;;
02.712.103/0001-00;;
02.706.955/0001-94;;
02.686.883/0001-60;;
02.660.779/0001-05;;
02.639.993/0001-71;;
02.639.307/0001-62;;
02.630.823/0001-26;;
02.626.132/0001-59;;
02.621.280/0001-80;;
02.617.289/0001-18;;
02.614.932/0001-50;;
02.613.216/0001-58;;
02.600.667/0001-50;;
02.594.481/0001-36;;
02.584.766/0001-96;;
02.567.094/0001-00;;
02.565.548/0001-04;;
02.551.280/0001-51;;
02.540.405/0001-48;;
02.529.678/0001-91;;
02.503.426/0001-93;;
02.495.371/0001-17;;
02.479.481/0001-95;;
02.468.391/0001-07;;
02.458.191/0001-65;;
02.404.547/0001-88;;
02.386.543/0001-14;;
02.383.108/0001-36;;
02.374.206/0001-07;;
02.346.159/0001-98;;
02.340.825/0001-80;;
02.334.697/0002-43;;
02.334.697/0001-62;;
02.325.273/0001-31;;
02.312.043/0001-38;;
02.305.666/0001-83;;
02.256.530/0001-20;;
02.248.026/0001-89;;
02.232.660/0001-23;;
02.222.555/0001-03;;
02.206.616/0001-49;;
02.191.761/0007-99;;
02.189.372/0001-33;;
02.175.402/0001-52;;
02.160.367/0001-06;;
02.148.218/0001-13;;
02.141.242/0001-20;;
02.116.217/0001-97;;
02.079.605/0001-45;;
02.061.642/0001-26;;
02.045.207/0002-99;;
02.045.207/0001-08;;
02.016.507/0001-69;;
01.999.830/0001-37;;
01.975.972/0001-64;;
01.970.578/0001-33;;
01.963.041/0001-46;;
01.962.907/0001-02;;
01.947.978/0001-28;;
01.936.445/0001-40;;
01.931.251/0001-52;;
01.895.977/0001-87;;
01.891.973/0001-20;;
01.885.039/0001-04;;
01.858.773/0001-76;;
01.820.857/0001-10;;
01.792.122/0001-20;;
01.775.242/0001-10;;
01.755.702/0001-48;;
01.751.392/0001-93;;
01.746.760/0001-05;;
01.745.128/0001-47;;
01.722.795/0001-04;;
01.698.450/0001-62;;
01.676.745/0001-38;;
01.666.178/0001-39;;
01.639.658/0001-00;;
01.632.547/0001-72;;
01.612.841/0001-12;;
01.583.854/0001-00;;
01.570.004/0001-78;;
01.556.141/0116-05;;
01.545.542/0001-02;;
01.528.872/0001-90;;
01.525.384/0001-29;;
01.514.218/0001-27;;
01.501.579/0001-39;;
01.501.571/0001-72;;
01.498.287/0001-94;;
01.479.064/0001-80;;
01.474.231/0001-08;;
01.473.380/0001-44;;
01.473.369/0001-84;;
01.469.150/0001-01;;
01.456.732/0001-53;;
01.437.488/0001-81;;
01.421.745/0001-97;;
01.408.683/0001-83;;
01.370.304/0001-03;;
01.354.412/0001-92;;
01.344.285/0001-40;;
01.344.065/0001-17;;
01.322.852/0001-68;;
01.319.799/0001-46;;
01.306.233/0001-80;;
01.303.147/0001-13;;
01.292.219/0001-74;;
01.282.883/0001-32;;
01.280.251/0001-30;;
01.273.258/0001-24;;
01.259.095/0001-25;;
01.259.091/0001-47;;
01.258.467/0001-07;;
01.248.036/0001-51;;
01.240.713/0001-95;;
01.231.822/0001-46;;
01.222.364/0001-89;;
01.220.259/0001-00;;
01.183.332/0001-11;;
01.183.249/0001-42;;
01.174.568/0001-91;;
01.151.394/0001-41;;
01.125.843/0001-87;;
01.113.742/0001-96;;
01.074.264/0001-52;;
01.056.660/0001-57;;
01.008.988/0001-06;;
01.003.236/0001-44;;
01.000.758/0001-92;;
00.996.699/0001-91;;
00.987.329/0001-98;;
00.981.636/0001-61;;
00.977.228/0001-36;;
00.971.797/0001-74;;
00.965.403/0015-70;;
00.964.028/0001-49;;
00.960.321/0001-38;;
00.960.027/0001-26;;
00.958.350/0001-65;;
00.956.314/0001-62;;
00.937.036/0001-04;;
00.926.760/0001-24;;
00.925.997/0001-90;;
00.916.860/0001-70;;
00.909.972/0001-01;;
00.907.327/0001-41;;
00.902.394/0001-73;;
00.894.271/0001-38;;
00.889.225/0001-40;;
00.853.678/0001-17;;
00.842.968/0001-65;;
00.842.964/0001-87;;
00.819.012/0001-42;;
00.814.058/0001-79;;
00.807.037/0001-26;;
00.781.407/0001-01;;
00.762.199/0001-95;;
00.755.569/0001-67;;
00.738.134/0001-04;;
00.723.993/0001-20;;
00.718.792/0001-34;;
00.705.135/0001-52;;
00.698.486/0001-83;;
00.698.453/0001-33;;
00.695.412/0001-93;;
00.649.925/0001-68;;
00.641.363/0001-06;;
00.616.891/0001-05;;
00.605.419/0001-77;;
00.597.519/0001-07;;
00.569.857/0001-27;;
00.564.860/0001-58;;
00.559.703/0001-54;;
00.557.690/0001-84;;
00.556.024/0001-21;;
00.553.615/0001-45;;
00.510.999/0001-19;;
00.509.236/0001-58;;
00.504.016/0001-31;;
00.503.991/0001-25;;
00.492.436/0001-45;;
00.474.802/0002-14;;
00.474.802/0001-33;;
00.474.458/0001-82;;
00.445.851/0001-48;;
00.427.290/0001-54;;
00.409.487/0001-60;;
00.394.476/0001-54;;
00.390.953/0001-03;;
00.313.611/0001-90;;
00.306.631/0001-33;;
00.296.386/0001-20;;
00.296.375/0001-40;;
00.287.697/0001-23;;
00.272.467/0001-90;;
00.266.180/0001-58;;
00.262.819/0001-27;;
00.239.305/0001-50;;
00.227.821/0001-65;;
00.213.978/0001-31;;
00.210.978/0001-88;;
00.116.680/0001-03;;
00.112.916/0001-33;;
00.109.734/0001-03;;
00.107.147/0001-85;;
00.101.528/0001-57;;
00.099.235/0001-82;;
00.094.457/0001-02;;
00.079.266/0001-71;;
00.062.064/0001-17;;
00.056.335/0001-21;;
